nombre_ingredient,urls
pasta de dátil,https://www.nutriumpfg.com/blog-nutricion/recetas-saludables-faciles/galletas-de-jengibre/
gr de azúcar gla,https://www.nutriumpfg.com/receta-del-roscon-de-reyes/
de ananacarto,https://www.nutriumpfg.com/receta-crema-dulce-anacardos/
guisante congelado,https://www.nutriumpfg.com/merluza-costra-pistachos-crema-guisantes/
cucharada de especia,https://www.nutriumpfg.com/patatas-chips-microondas/
endibia,https://www.nutriumpfg.com/endivias-con-aguacate-y-mango/;https://www.dietdoctor.com/es/recetas/keto-plato-de-prosciutto-y-queso-azul
Lima,https://www.nutriumpfg.com/pollo-al-curry/;https://www.nutriumpfg.com/berenjenas-a-la-plancha-con-salsa-de-yogur-y-granada/;https://www.dietdoctor.com/es/recetas/keto-plato-de-salmon-ahumado
de calabaza,https://www.nutriumpfg.com/calabaza-al-curry-con-langostinos/;https://www.comidastipicaschilenas.com/receta-de-picarones-pasados/
de azúcar,https://www.nutriumpfg.com/bizcocho/;https://www.comidastipicaschilenas.com/receta-de-crema-volteada/
avellana,https://www.nutriumpfg.com/bolitas-energeticas-coco/;https://www.nutriumpfg.com/tortitas-de-avena-con-fresas-y-avellanas/;https://www.dietdoctor.com/es/recetas/keto-crema-de-avellanas;https://www.dietdoctor.com/es/recetas/low-carb-calabaza-asada-con-frutos-secos-y-queso-manchego;https://www.dietdoctor.com/es/recetas/low-carb-raiz-de-apio-al-horno-con-gorgonzola;https://www.dietdoctor.com/es/recetas/ensalada-de-pollo-esparragos-y-feta
baya congelada,https://www.nutriumpfg.com/helado-platano-frutos-del-bosque/
de cardo,https://www.nutriumpfg.com/cardo-con-almendras/
langosta,https://www.nutriumpfg.com/arroz-con-bogavante/
frijole rojo,https://www.nutriumpfg.com/alubias-rojas-con-verduras/
Sal y pimienta,https://www.nutriumpfg.com/romanesco-salteado-con-tomate-y-cebolla/
canónigo,https://www.nutriumpfg.com/ensalada-de-salmon-y-manzana/
pimentón picante,https://www.nutriumpfg.com/sopa-de-ajo/
"azúcar, sacarina",https://www.nutriumpfg.com/mousse-de-yogur-con-compota-de-fresa-y-cerezas/
fruto rojo congelado,https://www.nutriumpfg.com/helado-de-frutos-rojos/
verdura congelada,https://www.nutriumpfg.com/guiso-rapido-de-verduras-y-gambas/
borraja,https://www.nutriumpfg.com/borraja-con-patatas/
varia semilla girasol,https://www.nutriumpfg.com/tartar-de-aguacate-salmon-y-fresas/
AOVE,https://www.nutriumpfg.com/tataki-de-calabacin-con-vinagreta-de-soja-y-anchoas-de-santona/
guisante sin cáscara,https://www.nutriumpfg.com/laminas-de-esparragos-con-legumbres/
semilla varia,https://www.nutriumpfg.com/ensalada-de-pepino-y-rabanos/
pasta preferentemente integral,https://www.nutriumpfg.com/pasta-tomates-asados-queso-feta/
sepia,https://www.nutriumpfg.com/sepia-al-ajillo/
varia semilla chia,https://www.nutriumpfg.com/salmon-marinado-con-semillas/
"pimentón picante, sal",https://www.nutriumpfg.com/hamburguesas-veganas/
agua tibia,https://www.nutriumpfg.com/pizzas-caseras-halloween/;https://www.dietdoctor.com/es/recetas/low-carb-mousse-chocolate-menta
avellana cruda o tostada,https://www.nutriumpfg.com/migas-de-coliflor-con-pimenton/
alubia blanca (500 g cocidas),https://www.nutriumpfg.com/ensalada-de-alubias-con-langostinos/
fecha,https://www.nutriumpfg.com/galletas-de-coco-sin-azucar/
flecha variada,https://www.nutriumpfg.com/garbanzos-con-setas/
de hojaldre,https://www.nutriumpfg.com/hojaldre-de-espinacas/
violación,https://www.nutriumpfg.com/cazuela-de-rape/
sandia,https://www.nutriumpfg.com/gazpacho-de-sandia/
nata (o nata) para montar,https://www.dietdoctor.com/es/recetas/keto-cafe-con-crema-batida;https://www.dietdoctor.com/es/recetas/low-carb-risotto-de-coliflor-con-champinones;https://www.dietdoctor.com/es/recetas/low-carb-sopa-cremosa-de-brocoli-y-puerro;https://www.dietdoctor.com/es/recetas/low-carb-coliflor-con-queso;https://www.dietdoctor.com/es/recetas/low-carb-crema-de-mejillones;https://www.dietdoctor.com/es/recetas/keto-salsa-bechamel;https://www.dietdoctor.com/es/recetas/low-carb-cazuela-de-repollo;https://www.dietdoctor.com/es/recetas/keto-aderezo-de-queso-azul;https://www.dietdoctor.com/es/recetas/low-carb-espinacas-frescas-con-crema;https://www.dietdoctor.com/es/recetas/low-carb-relleno-para-pavo;https://www.dietdoctor.com/es/recetas/low-carb-cazuela-de-calabacin-y-mozzarella;https://www.dietdoctor.com/es/recetas/keto-creme-brulee-pan-jengibre;https://www.dietdoctor.com/es/recetas/low-carb-manzanas-asadas;https://www.dietdoctor.com/es/recetas/keto-pannacotta-de-vainilla;https://www.dietdoctor.com/es/recetas/low-carb-pastel-esponjoso-de-queso-al-limon;https://www.dietdoctor.com/es/recetas/pavlova-baja-en-carbohidratos;https://www.dietdoctor.com/es/recetas/tres-leches-keto;https://www.dietdoctor.com/es/recetas/low-carb-wraps-de-postre-con-vainilla-y-fresas;https://www.dietdoctor.com/es/recetas/keto-pannacotta-de-azafran;https://www.dietdoctor.com/es/recetas/low-carb-arroz-con-leche-cremoso;https://www.dietdoctor.com/es/recetas/keto-mousse-crocante-de-bayas;https://www.dietdoctor.com/es/recetas/low-carb-fudge-de-chocolate;https://www.dietdoctor.com/es/recetas/low-carb-manzanas-de-canela-con-salsa-de-vainilla;https://www.dietdoctor.com/es/recetas/low-carb-bayas-con-crema-batida;https://www.dietdoctor.com/es/recetas/keto-helado-de-vainilla-sin-azucar;https://www.dietdoctor.com/es/recetas/keto-helado-de-limon;https://www.dietdoctor.com/es/recetas/low-carb-helado-de-moca-y-menta;https://www.dietdoctor.com/es/recetas/keto-helado-en-frasco;https://www.dietdoctor.com/es/recetas/pie-de-limon-low-carb;https://www.dietdoctor.com/es/recetas/low-carb-helado-de-vainilla-y-galleta;https://www.dietdoctor.com/es/recetas/keto-sandwiches-de-helado;https://www.dietdoctor.com/es/recetas/low-carb-melocotones-parrillados;https://www.dietdoctor.com/es/recetas/keto-albondigas-de-salmon-con-bechamel-de-limon;https://www.dietdoctor.com/es/recetas/keto-carbonara;https://www.dietdoctor.com/es/recetas/bistec-de-falda-brocoli-coliflor;https://www.dietdoctor.com/es/recetas/bajo-en-carbos-pastel-de-fresas-con-crema-de-vainilla;https://www.dietdoctor.com/es/recetas/tiramisu;https://www.dietdoctor.com/es/recetas/low-carb-chaffles-de-arandanos;https://www.dietdoctor.com/es/recetas/tarta-de-queso-al-horno;https://www.dietdoctor.com/es/recetas/low-carb-pastel-de-calabaza-sin-corteza;https://www.dietdoctor.com/es/recetas/low-carb-helado-de-arandanos;https://www.dietdoctor.com/es/recetas/keto-cupcakes-navidenos-glaseado-naranja;https://www.dietdoctor.com/es/recetas/low-carb-gratinado-sueco-repollo;https://www.dietdoctor.com/es/recetas/salmon-low-carb-con-espaguetis-de-calabacin-y-salsa-de-queso-azul;https://www.dietdoctor.com/es/recetas/keto-albondigon-envuelto-en-bacon;https://www.dietdoctor.com/es/recetas/cazuela-alemana-alta-en-proteina-con-jamon-y-cheddar;https://www.dietdoctor.com/es/recetas/low-carb-pollo-y-coliflor-en-salsa-alfredo;https://www.dietdoctor.com/es/recetas/low-carb-pastel-de-carne-con-salsa-y-ejotes-verdes;https://www.dietdoctor.com/es/recetas/low-carb-hamburguesas-con-salsa-cremosa-de-cebolla-y-brocoli;https://www.dietdoctor.com/es/recetas/low-carb-hamburguesas-de-res-con-salsa-de-crema-y-brocoli;https://www.dietdoctor.com/es/recetas/low-carb-contramuslos-de-pavo-al-horno-con-salsa-de-champinones;https://www.dietdoctor.com/es/recetas/low-carb-cremoso-risotto-bajo-en-carbos-con-espinacas-y-queso-de-cabra;https://www.dietdoctor.com/es/recetas/keto-chorizo-con-crema-de-repollo-verde;https://www.dietdoctor.com/es/recetas/low-carb-pasta-de-zapallo-anco-con-salsa-de-tomate-y-champinones-al-ajillo;https://www.dietdoctor.com/es/recetas/low-carb-cremoso-risotto-bajo-en-carbos-de-coliflor-y-setas;https://www.dietdoctor.com/es/recetas/low-carb-bacon-con-puerros-gratinados;https://www.dietdoctor.com/es/recetas/low-carb-strogonoff-de-chorizo-con-arroz-de-coliflor-y-perejil;https://www.dietdoctor.com/es/recetas/keto-sopa-de-mariscos;https://www.dietdoctor.com/es/recetas/keto-sarten-de-pollo-con-setas-y-queso-parmesano;https://www.dietdoctor.com/es/recetas/keto-sufle-de-queso;https://www.dietdoctor.com/es/recetas/low-carb-tarta-de-espinacas-y-queso;https://www.dietdoctor.com/es/recetas/bajo-en-carbos-pollo-y-setas-con-salsa-cremosa-de-tomate;https://www.dietdoctor.com/es/recetas/low-carb-sopa-pescado-curry;https://www.dietdoctor.com/es/recetas/keto-salmon-braseado-con-salsa-de-limon;https://www.dietdoctor.com/es/recetas/low-carb-bacalao-con-salsa-dijon-y-tocino-crocante;https://www.dietdoctor.com/es/recetas/keto-pollo-italiano-con-queso-parmesano-y-pasta-de-repollo;https://www.dietdoctor.com/es/recetas/keto-guiso-de-pollo-al-pesto-con-zoodles;https://www.dietdoctor.com/es/recetas/low-carb-jacobo-volador
cáscara de psyllium en polvo,https://www.dietdoctor.com/es/recetas/keto-picatostes-parmesano;https://www.dietdoctor.com/es/recetas/low-carb-tortillas;https://www.dietdoctor.com/es/recetas/keto-pan-de-ajo;https://www.dietdoctor.com/es/recetas/low-carb-galletas-de-jengibre;https://www.dietdoctor.com/es/recetas/keto-quesadillas;https://www.dietdoctor.com/es/recetas/tartaleta-de-salmon-keto;https://www.dietdoctor.com/es/recetas/low-carb-sandwich-de-carne-con-queso;https://www.dietdoctor.com/es/recetas/low-carb-pan-rapido;https://www.dietdoctor.com/es/recetas/keto-pan-molde-semillas;https://www.dietdoctor.com/es/recetas/el-pan-keto;https://www.dietdoctor.com/es/recetas/keto-panes-de-perritos-calientes;https://www.dietdoctor.com/es/recetas/keto-queso-fundido-con-atun;https://www.dietdoctor.com/es/recetas/keto-cupcakes-de-coco-y-lima;https://www.dietdoctor.com/es/recetas/keto-pastel-de-chocolate-con-crema-de-mantequilla-de-mani;https://www.dietdoctor.com/es/recetas/keto-bunuelos;https://www.dietdoctor.com/es/recetas/low-carb-muffins-de-arandanos;https://www.dietdoctor.com/es/recetas/keto-sandwich-blt-con-pan-upsi;https://www.dietdoctor.com/es/recetas/keto-pizza-cetogenica-blanca;https://www.dietdoctor.com/es/recetas/keto-frituras-de-salmon-y-calabacin;https://www.dietdoctor.com/es/recetas/keto-hamburguesa-clasica;https://www.dietdoctor.com/es/recetas/keto-tarta-de-aguacate;https://www.dietdoctor.com/es/recetas/keto-tarta-keto-de-espinacas-y-queso-de-cabra;https://www.dietdoctor.com/es/recetas/keto-pizza-keto-blanca-con-champinones-y-pesto;https://www.dietdoctor.com/es/recetas/low-carb-frituras-de-calabacin-con-ensalada-de-remolacha;https://www.dietdoctor.com/es/recetas/low-carb-hamburguesa-de-carne-molida-y-queso;https://www.dietdoctor.com/es/recetas/low-carb-quiche-navidad-vegetariana;https://www.dietdoctor.com/es/recetas/low-carb-wrap-rosbif-queso-brie-sin-gluten;https://www.dietdoctor.com/es/recetas/keto-tarta-de-salmon;https://www.dietdoctor.com/es/recetas/keto-tarta-pollo-curry;https://www.dietdoctor.com/es/recetas/keto-tarta-de-queso-con-setas-rebozuelo;https://www.dietdoctor.com/es/recetas/keto-pasta-con-salsa-de-queso-azul;https://www.dietdoctor.com/es/recetas/quiche-keto;https://www.dietdoctor.com/es/recetas/keto-pastel-de-carne-keto;https://www.dietdoctor.com/es/recetas/keto-chicken-alfredo-pasta
cdta sal,https://www.dietdoctor.com/es/recetas/keto-bastoncitos-de-pan;https://www.dietdoctor.com/es/recetas/keto-huevos-rellenos-curry;https://www.dietdoctor.com/es/recetas/pan-de-platano-alto-en-proteinas;https://www.dietdoctor.com/es/recetas/tostadas-monstruosas;https://www.dietdoctor.com/es/recetas/pizza-verde-de-brocoli;https://www.dietdoctor.com/es/recetas/kibbeh-keto;https://www.dietdoctor.com/es/recetas/keto-sandwich-con-crema-salmon-ahumado-y-rabano-picante;https://www.dietdoctor.com/es/recetas/keto-frituras-de-maiz;https://www.dietdoctor.com/es/recetas/keto-galletas-suecas-avellana;https://www.dietdoctor.com/es/recetas/low-carb-arroz-caldoso-con-chorizo-y-camarones;https://www.dietdoctor.com/es/recetas/keto-polvorosa-de-pollo;https://www.dietdoctor.com/es/recetas/salmorejo;https://www.dietdoctor.com/es/recetas/keto-alitas-de-pollo-con-aderezo-de-queso-azul;https://www.dietdoctor.com/es/recetas/chipirones-en-su-tinta-con-arroz-de-coliflor;https://www.dietdoctor.com/es/recetas/meatza-con-doble-de-queso-y-champinones;https://www.dietdoctor.com/es/recetas/low-carb-pan-de-platano;https://www.dietdoctor.com/es/recetas/pollo-a-la-naranja-low-carb;https://www.dietdoctor.com/es/recetas/pollo-keto-a-la-italiana-con-albahaca-y-aceitunas;https://www.dietdoctor.com/es/recetas/keto-tortillas-de-linaza;https://www.dietdoctor.com/es/recetas/lomo-de-bacalao-con-rabano-picante-y-mantequilla-dorada;https://www.dietdoctor.com/es/recetas/keto-mantequilla-de-hierbas;https://www.dietdoctor.com/es/recetas/low-carb-tzatziki;https://www.dietdoctor.com/es/recetas/keto-mantequilla-a-la-mayonesa;https://www.dietdoctor.com/es/recetas/keto-mantequilla-rosa;https://www.dietdoctor.com/es/recetas/keto-mantequilla-de-queso-parmesano;https://www.dietdoctor.com/es/recetas/keto-mantequilla-limon-eneldo;https://www.dietdoctor.com/es/recetas/keto-salsa-untar-espinacas;https://www.dietdoctor.com/es/recetas/keto-chicharrones;https://www.dietdoctor.com/es/recetas/keto-caesar-dressing;https://www.dietdoctor.com/es/recetas/keto-salsa-de-aguacate;https://www.dietdoctor.com/es/recetas/low-carb-ejotes-asados-con-queso-parmesano;https://www.dietdoctor.com/es/recetas/keto-endivias-caramelizadas;https://www.dietdoctor.com/es/recetas/low-carb-arroz-amarillo;https://www.dietdoctor.com/es/recetas/low-carb-repollo-asasdo;https://www.dietdoctor.com/es/recetas/mix-de-parrillada;https://www.dietdoctor.com/es/recetas/keto-ensalada-de-lechuga-en-gajos;https://www.dietdoctor.com/es/recetas/low-carb-cebollas-moradas-encurtidas;https://www.dietdoctor.com/es/recetas/keto-frutos-secos-picantes;https://www.dietdoctor.com/es/recetas/keto-pierogis-rellenos-de-bacon-y-champinones;https://www.dietdoctor.com/es/recetas/bajo-en-carbohidratos-arroz-de-coliflor;https://www.dietdoctor.com/es/recetas/keto-crema-de-ajo-libanesa-toum;https://www.dietdoctor.com/es/recetas/repollo-al-curry-tailandes;https://www.dietdoctor.com/es/recetas/low-carb-ketchup;https://www.dietdoctor.com/es/recetas/gazpacho-bajo-en-carbos;https://www.dietdoctor.com/es/recetas/keto-coleslaw-sencillo;https://www.dietdoctor.com/es/recetas/low-carb-brownie-tarta-queso;https://www.dietdoctor.com/es/recetas/torres-de-berenjena-bajas-en-carbos;https://www.dietdoctor.com/es/recetas/low-carb-galette-de-champinones-y-espinacas;https://www.dietdoctor.com/es/recetas/low-carb-tandoori-paneer-tikka;https://www.dietdoctor.com/es/recetas/keto-pizza-fat-head;https://www.dietdoctor.com/es/recetas/low-carb-arroz-imperial;https://www.dietdoctor.com/es/recetas/baja-en-carbohidratos-ensalada-de-repollo;https://www.dietdoctor.com/es/recetas/keto-tarta-queso;https://www.dietdoctor.com/es/recetas/bizcocho-de-especias-keto-en-instant-pot;https://www.dietdoctor.com/es/recetas/keto-pasteles-de-limon-con-masa-de-mantequilla;https://www.dietdoctor.com/es/recetas/keto-brownies;https://www.dietdoctor.com/es/recetas/tarta-de-queso-keto-sin-horno;https://www.dietdoctor.com/es/recetas/keto-chuletas-con-ejotes-verdes-y-aguacate;https://www.dietdoctor.com/es/recetas/low-carb-pizza-berenjena;https://www.dietdoctor.com/es/recetas/low-carb-albondigas-italianas-pollo-salsa-crema-brocoli;https://www.dietdoctor.com/es/recetas/keto-hamburguesas-con-salsa-cremosa-de-tomate-y-repollo-frito;https://www.dietdoctor.com/es/recetas/keto-revuelto-de-repollo-al-estilo-asiatico;https://www.dietdoctor.com/es/recetas/keto-lasana;https://www.dietdoctor.com/es/recetas/keto-hamburguesas-de-salmon-con-pure-y-mantequilla-de-limon;https://www.dietdoctor.com/es/recetas/keto-barcas-de-calabacin-rellenas-de-tex-mex;https://www.dietdoctor.com/es/recetas/low-carb-albondigas-suecas-en-salsa;https://www.dietdoctor.com/es/recetas/low-carb-rollos-de-sushi;https://www.dietdoctor.com/es/recetas/keto-revuelto-de-repollo-con-queso-azul;https://www.dietdoctor.com/es/recetas/keto-solomillo-pimienta-salsa-hierbas;https://www.dietdoctor.com/es/recetas/keto-lomo-de-res-con-pimienta-y-salsa-de-carne-a-las-hierbas;https://www.dietdoctor.com/es/recetas/tarta-de-calabaza-low-carb;https://www.dietdoctor.com/es/recetas/keto-cazuela-repollo-rellena;https://www.dietdoctor.com/es/recetas/keto-cazuela-cremosa-de-pescado;https://www.dietdoctor.com/es/recetas/keto-albondigas-asiaticas-con-salsa-de-albahaca-tailandesa;https://www.dietdoctor.com/es/recetas/keto-revuelto-de-repollo-de-india;https://www.dietdoctor.com/es/recetas/low-carb-espaguetis-de-calabacin-a-la-bolonesa;https://www.dietdoctor.com/es/recetas/low-carb-albondigas-suecas;https://www.dietdoctor.com/es/recetas/low-carb-pastel-de-tamal-relleno;https://www.dietdoctor.com/es/recetas/low-carb-tarta-de-queso-naranja-y-jengibre;https://www.dietdoctor.com/es/recetas/low-carb-galletas-de-mantequilla-de-mani;https://www.dietdoctor.com/es/recetas/keto-cookies-pepitas-chocolate;https://www.dietdoctor.com/es/recetas/low-carb-pate-navideno;https://www.dietdoctor.com/es/recetas/keto-albondigas-rellenas-de-mozzarella;https://www.dietdoctor.com/es/recetas/keto-albondigas-italianas-con-queso-mozzarella;https://www.dietdoctor.com/es/recetas/keto-revuelto-italiano-de-repollo;https://www.dietdoctor.com/es/recetas/low-carb-carne-asada-con-ensalada-de-aguacate;https://www.dietdoctor.com/es/recetas/keto-brochetas-de-pollo-con-papas-fritas-y-salsa;https://www.dietdoctor.com/es/recetas/keto-pollo-con-mantequilla-de-hierbas;https://www.dietdoctor.com/es/recetas/low-carb-pizza-de-coliflor-con-pimientos-verdes-y-aceitunas;https://www.dietdoctor.com/es/recetas/cochinita-pibil;https://www.dietdoctor.com/es/recetas/albondigas-de-pavo-de-keto;https://www.dietdoctor.com/es/recetas/keto-contramuslos-asados-de-pollo-al-limon;https://www.dietdoctor.com/es/recetas/pescado-de-pizza-keto-con-ensalada-de-repollo;https://www.dietdoctor.com/es/recetas/low-carb-pescado-en-salsa-de-coco;https://www.dietdoctor.com/es/recetas/sancocho-de-pollo-bajo-en-carbos;https://www.dietdoctor.com/es/recetas/low-carb-cerdo-a-la-parmesana-en-olla-electrica;https://www.dietdoctor.com/es/recetas/pollo-tone-keto;https://www.dietdoctor.com/es/recetas/low-carb-albondigon;https://www.dietdoctor.com/es/recetas/keto-cebollas-caramelizadas-y-chuletas-de-cerdo;https://www.dietdoctor.com/es/recetas/low-carb-cerdo-estofado-a-la-naranja;https://www.dietdoctor.com/es/recetas/low-carb-ensalada-de-mariscos-con-aguacate;https://www.dietdoctor.com/es/recetas/low-carb-fricase-de-pollo;https://www.dietdoctor.com/es/recetas/keto-hamburguesas-mantecosas;https://www.dietdoctor.com/es/recetas/keto-arepa-reina-pepiada;https://www.dietdoctor.com/es/recetas/keto-tortillas-con-carne-molida-y-salsa-mexicana;https://www.dietdoctor.com/es/recetas/keto-pollo-keto-con-queso-y-espaguetis-de-calabaza;https://www.dietdoctor.com/es/recetas/low-carb-barcas-vegetarianas-de-calabacin-rellenas;https://www.dietdoctor.com/es/recetas/keto-minihamburguesas-con-jalapenos;https://www.dietdoctor.com/es/recetas/low-carb-gambas-con-calabaza-cabello-de-angel;https://www.dietdoctor.com/es/recetas/low-carb-sopa-de-brocoli-con-queso-cheddar;https://www.dietdoctor.com/es/recetas/low-carb-bistec-a-la-plancha-con-arroz-amarillo;https://www.dietdoctor.com/es/recetas/low-carb-stroganoff-de-res;https://www.dietdoctor.com/es/recetas/low-carb-barcas-de-calabacin-rellenas-de-jamon-ahumado;https://www.dietdoctor.com/es/recetas/keto-salmon-al-coco-con-repollo-napa;https://www.dietdoctor.com/es/recetas/keto-cazuela-de-pollo-con-queso;https://www.dietdoctor.com/es/recetas/low-carb-tarta-de-tomate-de-kristie;https://www.dietdoctor.com/es/recetas/low-carb-pollo-guisado-con-arroz-de-coliflor;https://www.dietdoctor.com/es/recetas/low-carb-crema-calabaza-especias;https://www.dietdoctor.com/es/recetas/keto-milanesa-pollo-ejotes-fritos;https://www.dietdoctor.com/es/recetas/keto-rollos-de-calabacin-con-pollo-y-mantequilla-de-hierbas;https://www.dietdoctor.com/es/recetas/keto-estofado-de-chuletas-y-brocoli;https://www.dietdoctor.com/es/recetas/low-carb-sopa-pavo-mantequilla-cilantro;https://www.dietdoctor.com/es/recetas/keto-hamburguesas-crocantes-de-atun;https://www.dietdoctor.com/es/recetas/keto-mini-hamburguesas-cordero-salsa-queso-feta;https://www.dietdoctor.com/es/recetas/keto-cazuela-de-pescado-con-champinones-y-mostaza;https://www.dietdoctor.com/es/recetas/keto-costillas-a-la-barbacoa-con-ensalada-de-zapallo;https://www.dietdoctor.com/es/recetas/low-carb-quiche-de-jamon-y-queso-con-masa-de-coliflor;https://www.dietdoctor.com/es/recetas/keto-enchiladas-pollo-cebolleta-sin-chile;https://www.dietdoctor.com/es/recetas/low-carb-brochetas-de-pollo-con-papas-fritas-y-salsa;https://www.dietdoctor.com/es/recetas/low-carb-pizza-de-coliflor-con-alcachofas;https://www.dietdoctor.com/es/recetas/low-carb-wrap-de-atun-y-huevo-sin-gluten;https://www.dietdoctor.com/es/recetas/keto-nuggets-de-pollo-con-papas;https://www.dietdoctor.com/es/recetas/keto-ensalada-de-hamburguesa;https://www.dietdoctor.com/es/recetas/low-carb-barcas-de-calabacin-con-pollo-al-curry;https://www.dietdoctor.com/es/recetas/low-carb-curry-de-pollo-al-estilo-kerala-con-crema-de-coco;https://www.dietdoctor.com/es/recetas/keto-sopa-de-repollo-con-bolas-de-pollo;https://www.dietdoctor.com/es/recetas/keto-ensalada-venezolana-de-pollo;https://www.dietdoctor.com/es/recetas/keto-estofado-carne-colirroz-salteado;https://www.dietdoctor.com/es/recetas/low-carb-sopa-de-tomate-albahaca-y-queso-parmesano;https://www.dietdoctor.com/es/recetas/sopa-keto-de-pollo-con-tallarines-de-repollo;https://www.dietdoctor.com/es/recetas/keto-cazuela-keto-de-pollo-y-champinones;https://www.dietdoctor.com/es/recetas/low-carb-sopa-de-pollo-col-rizada-y-coliflor;https://www.dietdoctor.com/es/recetas/keto-wraps-de-hamburguesa-de-queso-y-bacon;https://www.dietdoctor.com/es/recetas/keto-albondigas-pavo-italianas-espaguetis-calabacin;https://www.dietdoctor.com/es/recetas/keto-pizza-de-pollo-keto-a-la-barbacoa
crémor tártaro,https://www.dietdoctor.com/es/recetas/low-carb-empanadas;https://www.dietdoctor.com/es/recetas/low-carb-tequenos;https://www.dietdoctor.com/es/recetas/tarta-de-lima-low-carb-con-molde-merengue
mini pimiento morrón,https://www.dietdoctor.com/es/recetas/low-carb-mini-pimentones-al-horno
cubito de hielo,https://www.dietdoctor.com/es/recetas/keto-agua-aromatizada
semilla de girasol,https://www.dietdoctor.com/es/recetas/low-carb-pan-tostado-de-sesamo;https://www.dietdoctor.com/es/recetas/keto-galletas-saladas-semillas;https://www.dietdoctor.com/es/recetas/pan-de-calabacin-low-carb;https://www.dietdoctor.com/es/recetas/low-carb-mezcla-picante-de-almendras-y-semillas;https://www.dietdoctor.com/es/recetas/avocado-hummus-keto;https://www.dietdoctor.com/es/recetas/ensalada-de-coles-de-bruselas-crujientes-con-limon;https://www.dietdoctor.com/es/recetas/low-carb-pastel-queso-camarones;https://www.dietdoctor.com/es/recetas/low-carb-quiche-sin-gluten-jamon-queso-tomates-secos;https://www.dietdoctor.com/es/recetas/keto-tarta-de-verduras-sin-lacteos
"col de hoja rizada, hoja entera",https://www.dietdoctor.com/es/recetas/dim-sum-de-repollo-rellenos-de-cerdo
Mezcla de especia italiana,https://www.dietdoctor.com/es/recetas/keto-chaffles-de-pizza;https://www.dietdoctor.com/es/recetas/keto-salmon-braseado-con-mantequilla-al-limon-y-una-ensalada-italiana;https://www.dietdoctor.com/es/recetas/keto-mayonesa-italiana;https://www.dietdoctor.com/es/recetas/keto-pollo-crocante-con-aderezo-cremoso-de-limon-y-dijon;https://www.dietdoctor.com/es/recetas/keto-albondigas-con-queso-y-ensalada-de-coliflor;https://www.dietdoctor.com/es/recetas/low-carb-macarrones-y-queso-con-coliflor-y-bacon;https://www.dietdoctor.com/es/recetas/low-carb-pollo-bajo-en-carbos-con-queso-parmesano
al y pimienta,https://www.dietdoctor.com/es/recetas/bajo-en-carbos-queso-crema-con-hierbas;https://www.dietdoctor.com/es/recetas/low-carb-tortillas-pizza;https://www.dietdoctor.com/es/recetas/keto-ensalada-de-camarones-con-eneldo;https://www.dietdoctor.com/es/recetas/keto-queso-brie-al-horno;https://www.dietdoctor.com/es/recetas/pescado-keto-asado-al-estilo-caprese;https://www.dietdoctor.com/es/recetas/low-carb-ensalada-de-verano-con-esparragos-y-queso-halloumi;https://www.dietdoctor.com/es/recetas/low-carb-tazon-de-albondigas-griegas-con-tzatziki;https://www.dietdoctor.com/es/recetas/low-carb-ensalada-de-salmon;https://www.dietdoctor.com/es/recetas/low-carb-gratinado-de-coliflor-con-bacon-y-queso;https://www.dietdoctor.com/es/recetas/keto-mantequilla-queso-azul;https://www.dietdoctor.com/es/recetas/keto-salsa-de-requeson-con-cebollinos;https://www.dietdoctor.com/es/recetas/low-carb-brocoli-y-coliflor-con-queso;https://www.dietdoctor.com/es/recetas/low-carb-ensalada-griega;https://www.dietdoctor.com/es/recetas/low-carb-sopa-de-espinacas-y-alcachofa;https://www.dietdoctor.com/es/recetas/keto-aceite-con-gremolata;https://www.dietdoctor.com/es/recetas/low-carb-cebollas-frescas-parrilladas;https://www.dietdoctor.com/es/recetas/low-carb-fettuccini-de-calabacin;https://www.dietdoctor.com/es/recetas/keto-salmon-al-horno-con-pesto;https://www.dietdoctor.com/es/recetas/ensalada-de-calabacin-con-huevos;https://www.dietdoctor.com/es/recetas/keto-bandeja-de-pollo-y-berenjena-con-salsa-tzatziki;https://www.dietdoctor.com/es/recetas/low-carb-chateaubriand-con-raiz-de-apio-la-hasselback-y-mantequilla-de-vino-tinto;https://www.dietdoctor.com/es/recetas/keto-salmon-con-pesto-y-espinacas;https://www.dietdoctor.com/es/recetas/keto-plato-de-queso-halloumi-y-aguacate;https://www.dietdoctor.com/es/recetas/keto-salmon-frito-con-esparragos;https://www.dietdoctor.com/es/recetas/keto-bife-con-verduras-asadas;https://www.dietdoctor.com/es/recetas/keto-gambas-a-la-barbacoa-con-alioli-de-limon-y-hierbas;https://www.dietdoctor.com/es/recetas/low-carb-gratinado-de-brocoli-y-coliflor-con-salchichas;https://www.dietdoctor.com/es/recetas/keto-curry-tailandes-con-pescado-y-coco;https://www.dietdoctor.com/es/recetas/keto-ensalada-caesar;https://www.dietdoctor.com/es/recetas/parmigiana-de-berenjenas-con-pavo;https://www.dietdoctor.com/es/recetas/keto-pechuga-de-pollo-rellena-de-queso-con-guacamole;https://www.dietdoctor.com/es/recetas/low-carb-atun-a-la-parrilla-con-ensalada-raita;https://www.dietdoctor.com/es/recetas/keto-chuletas-de-cerdo-con-coliflor-asada-al-parmesano-y-mantequilla-de-hierbas;https://www.dietdoctor.com/es/recetas/low-carb-pollo-al-ajillo;https://www.dietdoctor.com/es/recetas/low-carb-sopa-de-tomate-con-alioli-de-albahaca;https://www.dietdoctor.com/es/recetas/keto-salmon-con-tapenade-de-aceitunas-y-pistachos-y-tomates;https://www.dietdoctor.com/es/recetas/low-carb-filete-ruso-con-pure;https://www.dietdoctor.com/es/recetas/frituras-de-pollo-keto-con-tzatziki-de-aguacate-y-ensalada-de-tomate;https://www.dietdoctor.com/es/recetas/low-carb-ensalada-sencilla-de-pescado;https://www.dietdoctor.com/es/recetas/keto-contramuslos-de-pollo-keto-con-ajo-y-champinones;https://www.dietdoctor.com/es/recetas/plato-keto-ternera-con-salsa-y-pure-de-repollo;https://www.dietdoctor.com/es/recetas/keto-pescado-con-remolachas-asadas;https://www.dietdoctor.com/es/recetas/keto-plato-de-salmon-y-espinacas;https://www.dietdoctor.com/es/recetas/keto-roulades-de-bistec-con-queso-y-mantequilla-de-hierbas;https://www.dietdoctor.com/es/recetas/low-carb-tabbule-coliflor-jamon-curado-queso;https://www.dietdoctor.com/es/recetas/keto-hamburguesa-queso-cabra-papas-fritas-calabacin;https://www.dietdoctor.com/es/recetas/low-carb-paleta-de-cerdo-con-gratinado-de-coliflor;https://www.dietdoctor.com/es/recetas/low-carb-tallarines-calabacin-tomate-setas-queso;https://www.dietdoctor.com/es/recetas/keto-bistec-con-salsa-bearnesa;https://www.dietdoctor.com/es/recetas/low-carb-sopa-de-carne-de-res-y-queso;https://www.dietdoctor.com/es/recetas/low-carb-pasta-de-calabacin-con-salsa-cremosa-de-salmon;https://www.dietdoctor.com/es/recetas/low-carb-chuleta-de-cerdo-con-raiz-de-apio-asada;https://www.dietdoctor.com/es/recetas/keto-entrecot-con-verduras-al-horno;https://www.dietdoctor.com/es/recetas/bajo-en-carbos-revuelto-de-bistec-y-brocoli-con-semillas-tostadas-de-calabaza;https://www.dietdoctor.com/es/recetas/low-carb-salmon-parrillado-con-pomelo;https://www.dietdoctor.com/es/recetas/keto-salmon-con-sesamo-y-repollo-al-curry-tailandes;https://www.dietdoctor.com/es/recetas/keto-plato-de-atun;https://www.dietdoctor.com/es/recetas/keto-burrito-de-res-con-pico-de-gallo;https://www.dietdoctor.com/es/recetas/low-carb-cazuela-de-hamburguesa-de-queso;https://www.dietdoctor.com/es/recetas/keto-ensalada-bife-mozzarella-tomate;https://www.dietdoctor.com/es/recetas/keto-pollo-y-repollo-frito;https://www.dietdoctor.com/es/recetas/low-carb-strogonoff-con-tallarines-de-repollo;https://www.dietdoctor.com/es/recetas/keto-ensalada-res-mozzarella-tomate;https://www.dietdoctor.com/es/recetas/keto-cazuela-de-carne-de-res-con-queso;https://www.dietdoctor.com/es/recetas/keto-salmon-frito-con-brocoli-y-queso;https://www.dietdoctor.com/es/recetas/plato-keto-de-panceta-crocante-con-salsa-de-cebolla;https://www.dietdoctor.com/es/recetas/keto-ensalada-asiatica-carne;https://www.dietdoctor.com/es/recetas/low-carb-lomo-envuelto-en-bacon-con-pure-coliflor;https://www.dietdoctor.com/es/recetas/low-carb-pollo-aceitunas-champinones;https://www.dietdoctor.com/es/recetas/keto-pollo-con-queso-azul-y-ensalada-de-nueces;https://www.dietdoctor.com/es/recetas/low-carb-pechugas-de-pollo-rellenas-con-zoodles-y-salsa-de-tomate;https://www.dietdoctor.com/es/recetas/low-carb-ensalada-de-pavo-con-aderezo-de-cilantro-y-lima;https://www.dietdoctor.com/es/recetas/keto-ensalada-de-atun-con-huevos-escalfados;https://www.dietdoctor.com/es/recetas/keto-pechuga-de-pollo-envuelta-en-tocino-con-pure-de-coliflor;https://www.dietdoctor.com/es/recetas/keto-cazuela-de-pollo;https://www.dietdoctor.com/es/recetas/keto-carne-molida-y-brocoli;https://www.dietdoctor.com/es/recetas/low-carb-bacalao-frito-con-ensalada-de-remolacha-y-mantequilla;https://www.dietdoctor.com/es/recetas/keto-cordon-bleu-de-pollo;https://www.dietdoctor.com/es/recetas/low-carb-bandeja-de-pollo-con-sesamo-bajo-en-carbos-y-arroz-de-coliflor;https://www.dietdoctor.com/es/recetas/low-carb-curry-verde-de-pollo-con-mani
alita de pollo,https://www.dietdoctor.com/es/recetas/low-carb-alitas-pollo-caramelizadas;https://www.dietdoctor.com/es/recetas/keto-alitas-de-pollo-con-brocoli-cremoso
hojuela de chile,https://www.dietdoctor.com/es/recetas/keto-bolitas-tocino-queso;https://www.dietdoctor.com/es/recetas/low-carb-queso-al-horno;https://www.dietdoctor.com/es/recetas/arroz-de-coliflor-con-chorizo-y-pimiento;https://www.dietdoctor.com/es/recetas/ensalada-de-calabacin-a-la-plancha-queso-feta-y-menta;https://www.dietdoctor.com/es/recetas/keto-alioli-de-aji;https://www.dietdoctor.com/es/recetas/low-carb-condimento-de-curry-suave;https://www.dietdoctor.com/es/recetas/keto-ensalada-atun-alcaparras;https://www.dietdoctor.com/es/recetas/low-carb-mezcla-de-especias-italianas;https://www.dietdoctor.com/es/recetas/keto-camarones-con-salsa-cocktail;https://www.dietdoctor.com/es/recetas/low-carb-pollo-con-jengibre-al-limon;https://www.dietdoctor.com/es/recetas/keto-plato-de-carne-de-cangrejo-y-huevos;https://www.dietdoctor.com/es/recetas/keto-cazuela-de-atun;https://www.dietdoctor.com/es/recetas/keto-pechugas-de-pollo-rellenas-de-espinacas-y-alcachofas;https://www.dietdoctor.com/es/recetas/cazuela-de-pescado-camarones-pure-brocoli
mini pimiento,https://www.dietdoctor.com/es/recetas/mini-pimientos-rellenos-low-carb
con Lombardía,https://www.dietdoctor.com/es/recetas/low-carb-ensalada-de-repollo-arcoiris;https://www.dietdoctor.com/es/recetas/ensalada-de-col-arcoiris;https://www.dietdoctor.com/es/recetas/low-carb-ensalada-oriental-col-lombarda;https://www.dietdoctor.com/es/recetas/low-carb-coleslaw-mezcla-coles;https://www.dietdoctor.com/es/recetas/low-carb-ensalada-de-col-roja
sal cda,https://www.dietdoctor.com/es/recetas/low-carb-aderezo-ranchero-con-tocino-y-verduras;https://www.dietdoctor.com/es/recetas/low-carb-salmon-curado-remolacha-eneldo;https://www.dietdoctor.com/es/recetas/low-carb-condimento-ranchero;https://www.dietdoctor.com/es/recetas/keto-salmon-gravlax-mayonesa-mostaza;https://www.dietdoctor.com/es/recetas/low-carb-salmon-curado-con-manzana;https://www.dietdoctor.com/es/recetas/keto-cerdo-asado-fuego-lento-con-salsa-cremosa-de-carne;https://www.dietdoctor.com/es/recetas/keto-cerdo-desmenuzado-afelia;https://www.dietdoctor.com/es/recetas/low-carb-kebabs-de-pollo-con-yogur
marinada y pimienta,https://www.dietdoctor.com/es/recetas/keto-alcachofas-con-mantequilla-batida-de-limon;https://www.dietdoctor.com/es/recetas/low-carb-cola-de-langosta-parrillada-con-mantequilla-de-estragon;https://www.dietdoctor.com/es/recetas/keto-mantequilla-batida-con-limon
wasabi,https://www.dietdoctor.com/es/recetas/filetes-de-atun-con-empanado-de-sesamo-mayonesa-de-wasabi-y-bok-choy;https://www.dietdoctor.com/es/recetas/keto-mayonesa-de-wasabi;https://www.dietdoctor.com/es/recetas/sashimi-con-mayonesa-de-wasabi;https://www.dietdoctor.com/es/recetas/low-carb-sofrito-de-pavo-con-mayonesa-de-wasabi
cuarto trasero de pollo,https://www.dietdoctor.com/es/recetas/low-carb-pollo-asado-con-tomatitos-cherry-con-mantequilla-de-ajo;https://www.dietdoctor.com/es/recetas/low-carb-guiso-pollo-con-verduras;https://www.dietdoctor.com/es/recetas/keto-pollo-asado-con-brocoli-y-mantequilla-de-ajo;https://www.dietdoctor.com/es/recetas/low-carb-pollo-con-verduras-salsa-de-pimenton-y-un-postre;https://www.dietdoctor.com/es/recetas/low-carb-patas-de-pollo-y-tomates-cherry-asados-con-mantequilla-de-ajo;https://www.dietdoctor.com/es/recetas/keto-pollo-provenzal;https://www.dietdoctor.com/es/recetas/low-carb-tajine-de-pollo-y-berenjena-draft
remolacha amarilla,https://www.dietdoctor.com/es/recetas/low-carb-ensalada-remolacha-anchoas;https://www.dietdoctor.com/es/recetas/bajo-en-carbos-higado-de-ternera-con-tocino-y-verduras;https://www.dietdoctor.com/es/recetas/low-carb-higado-de-ternera-con-tocino-y-verduras-fritas-en-mantequilla
sal gruesa o marina,https://www.dietdoctor.com/es/recetas/bombas-de-grasa-keto-con-chocolate-y-nueces-de-macadamia
semilla de chía,https://www.dietdoctor.com/es/recetas/low-carb-mermelada-de-frambuesa;https://www.dietdoctor.com/es/recetas/low-carb-cebolla-caramelizada-y-pita-de-queso;https://www.dietdoctor.com/es/recetas/keto-papas-de-queso-parmesano;https://www.dietdoctor.com/es/recetas/low-carb-pizza-con-champinones;https://www.dietdoctor.com/es/recetas/keto-galletas-de-limon-y-pastel-de-queso
pimiento de padrón,https://www.dietdoctor.com/es/recetas/plato-de-tapas
verdura de hoja verde y pimiento,https://www.dietdoctor.com/es/recetas/ensalada-italiana-de-pavo-alta-en-proteina
gamba pelada,https://www.dietdoctor.com/es/recetas/keto-tacos-cremosos-de-camarones;https://www.dietdoctor.com/es/recetas/low-carb-camarones-toscanos-cremosos
judía verde fresca,https://www.dietdoctor.com/es/recetas/chuletas-de-cerdo-con-judias-verdes-enrolladas-en-bacon-y-tomates-asados;https://www.dietdoctor.com/es/recetas/low-carb-ejotes-con-aguacate;https://www.dietdoctor.com/es/recetas/low-carb-chuletas-cordero-pure-coliflor-judias-verdes;https://www.dietdoctor.com/es/recetas/keto-chuletas-de-cerdo-con-ejotes-verdes-y-mantequilla-de-ajo;https://www.dietdoctor.com/es/recetas/keto-cazuela-queso-azul;https://www.dietdoctor.com/es/recetas/keto-carne-molida-con-ejotes-verdes;https://www.dietdoctor.com/es/recetas/low-carb-solomillo-de-cerdo-con-judias-verdes-envueltas-en-bacon;https://www.dietdoctor.com/es/recetas/keto-salmon-frito-con-ejotes-verdes;https://www.dietdoctor.com/es/recetas/low-carb-curry-de-pollo-con-arroz-de-coliflor;https://www.dietdoctor.com/es/recetas/keto-pasteles-de-cangrejo-con-ensalada-de-pepino;https://www.dietdoctor.com/es/recetas/keto-plato-de-pollo-con-ejotes-verdes
guisante enlatado,https://www.dietdoctor.com/es/recetas/low-carb-ensaladilla-rusa
chile de arbol,https://www.dietdoctor.com/es/recetas/camarones-a-la-diabla
aislado de proteína de suero,https://www.dietdoctor.com/es/recetas/keto-pan-de-maiz;https://www.dietdoctor.com/es/recetas/pan-alto-en-proteina;https://www.dietdoctor.com/es/recetas/galletas-de-chocolate-y-pistacho-altas-en-proteinas
esta mozzarella,https://www.dietdoctor.com/es/recetas/keto-bagels
mezcla de especia para taco,https://www.dietdoctor.com/es/recetas/tiras-de-ternera-estilo-mexicano-con-ensalada-y-guacamole;https://www.dietdoctor.com/es/recetas/low-carb-tacos-de-salmon;https://www.dietdoctor.com/es/recetas/low-carb-burrito-de-res-con-queso-en-sarten;https://www.dietdoctor.com/es/recetas/keto-chaffles-de-taco
frijole,https://www.dietdoctor.com/es/recetas/picanha-con-frijoles-repollo-y-naranja
salsa picante,https://www.dietdoctor.com/es/recetas/cazuela-de-pollo-y-coliflor-estilo-bufalo;https://www.dietdoctor.com/es/recetas/keto-pollo-estilo-buffalo-con-mayonesa-de-paprika-y-repollo-frito-en-mantequilla
al o pimienta,https://www.dietdoctor.com/es/recetas/bandeja-al-horno-con-coliflor-y-queso-feta;https://www.dietdoctor.com/es/recetas/low-carb-pure-brocoli;https://www.dietdoctor.com/es/recetas/keto-plato-de-salmon-ahumado-y-aguacate
salami rebanado,https://www.dietdoctor.com/es/recetas/wrap-de-desayuno-keto
pimienta recién molida,https://www.dietdoctor.com/es/recetas/keto-palta-reina
chile serrano fresco,https://www.dietdoctor.com/es/recetas/low-carb-chicharrones-en-salsa-verde
gamba,https://www.dietdoctor.com/es/recetas/aguachile-bajos-en-carbos
pimentón molido,https://www.dietdoctor.com/es/recetas/keto-muslos-pollo-bufalo-alioli-aji;https://www.dietdoctor.com/es/recetas/low-carb-salsa-barbacoa-sin-azucar;https://www.dietdoctor.com/es/recetas/low-carb-ensalada-calabaza-asada-col-rizada-cordero
mezcla de especia para pastel de calabaza,https://www.dietdoctor.com/es/recetas/low-carb-bizcocho-calabaza-especias;https://www.dietdoctor.com/es/recetas/low-carb-galletas-saladas-especiadas;https://www.dietdoctor.com/es/recetas/low-carb-galletas-calabaza-especias
cdta sal marina,https://www.dietdoctor.com/es/recetas/keto-pan-de-mozzarella-con-mantequilla-de-ajo;https://www.dietdoctor.com/es/recetas/keto-sabrosas-bombas-de-grasa-con-sesamo;https://www.dietdoctor.com/es/recetas/keto-mantequilla-de-cilantro;https://www.dietdoctor.com/es/recetas/keto-salsa-verde;https://www.dietdoctor.com/es/recetas/low-carb-bistecs-portobello-chimichurri-aguacate;https://www.dietdoctor.com/es/recetas/low-carb-coliflor-marinada;https://www.dietdoctor.com/es/recetas/keto-salmon-al-horno-limon-mantequilla;https://www.dietdoctor.com/es/recetas/low-carb-ensalada-de-tomates-asados;https://www.dietdoctor.com/es/recetas/keto-pollo-asado-en-mantequilla-de-ajo;https://www.dietdoctor.com/es/recetas/keto-muslos-crocantes-de-pollo-con-salsa-de-alcaparras;https://www.dietdoctor.com/es/recetas/revuelto-de-pollo-y-anacardos-bajo-en-carbos;https://www.dietdoctor.com/es/recetas/low-carb-brochetas-carne-cebolla;https://www.dietdoctor.com/es/recetas/low-carb-bisque-de-langosta;https://www.dietdoctor.com/es/recetas/low-carb-pollo-caprase;https://www.dietdoctor.com/es/recetas/low-carb-salchichas-a-la-pizza
marina cdta sal,https://www.dietdoctor.com/es/recetas/keto-pan-harina-coco;https://www.dietdoctor.com/es/recetas/rosquillas-keto
pimiento del piquillo,https://www.dietdoctor.com/es/recetas/low-carb-pimientos-piquillo-rellenos-bacalao;https://www.dietdoctor.com/es/recetas/plato-combinado-de-lomo-adobado;https://www.dietdoctor.com/es/recetas/low-carb-salsa-romesco;https://www.dietdoctor.com/es/recetas/low-carb-pollo-a-la-reina
salchicha ahumada,https://www.dietdoctor.com/es/recetas/salchicha-alta-en-proteinas-con-chucrut-y-mostaza
chile en polvo,https://www.dietdoctor.com/es/recetas/keto-bandeja-de-fajitas;https://www.dietdoctor.com/es/recetas/keto-mantequilla-saborizada-de-6-maneras-diferentes;https://www.dietdoctor.com/es/recetas/bajo-en-carbos-condimento-tex-mex;https://www.dietdoctor.com/es/recetas/low-carb-salsa-barbacoa;https://www.dietdoctor.com/es/recetas/keto-carnitas;https://www.dietdoctor.com/es/recetas/low-carb-pimientos-rellenos-de-carne-de-res-y-queso;https://www.dietdoctor.com/es/recetas/low-carb-champinones-portobello-relleno-de-taco;https://www.dietdoctor.com/es/recetas/keto-chile-con-carne-y-tortillas;https://www.dietdoctor.com/es/recetas/keto-crocante-pollo-asado-con-mayonesa-barbacoa;https://www.dietdoctor.com/es/recetas/low-carb-chili-de-pollo-molido;https://www.dietdoctor.com/es/recetas/keto-chili-con-carne-sin-frijoles;https://www.dietdoctor.com/es/recetas/low-carb-enchiladas-de-res
aislado de proteína de suero o proteína de guisante en polvo sin saborizante,https://www.dietdoctor.com/es/recetas/pan-de-proteina-en-5-minutos
hígado de pollo,https://www.dietdoctor.com/es/recetas/sauteed-chicken-livers-with-creamy-cauli-mash;https://www.dietdoctor.com/es/recetas/keto-pate-de-higado-de-pollo-con-mantequilla-de-tomillo;https://www.dietdoctor.com/es/recetas/arroz-pilaf-low-carb-con-carne;https://www.dietdoctor.com/es/recetas/low-carb-higaditos-de-pollo-con-salsa-de-champinones-y-pure-de-brocoli
edamame,https://www.dietdoctor.com/es/recetas/plato-vegetariano-alto-en-proteina-con-edamame-y-queso-feta;https://www.dietdoctor.com/es/recetas/hummus-low-carb
Alabama,https://www.dietdoctor.com/es/recetas/low-carb-empanada-gallega-de-atun;https://www.dietdoctor.com/es/recetas/low-carb-nachos-calabacin;https://www.dietdoctor.com/es/recetas/keto-facilisima-salsa-holandesa-en-5-minutos;https://www.dietdoctor.com/es/recetas/keto-ensalada-colirrabano;https://www.dietdoctor.com/es/recetas/keto-pollo-con-pesto-al-horno-con-queso-feta-y-aceitunas;https://www.dietdoctor.com/es/recetas/keto-garam-masala-pollo;https://www.dietdoctor.com/es/recetas/keto-ensalada-de-aguacate-tocino-y-queso-de-cabra
ceite,https://www.dietdoctor.com/es/recetas/low-carb-papitas-halloumi-con-salsa-de-aguacate
piel de pollo,https://www.dietdoctor.com/es/recetas/keto-pieles-crocantes-de-pollo
anguila fresca,https://www.dietdoctor.com/es/recetas/keto-salsa-cremosa-de-hierbas
semilla de hinojo,https://www.dietdoctor.com/es/recetas/keto-cinco-especias;https://www.dietdoctor.com/es/recetas/low-carb-aderezo-de-pan-para-las-fiestas;https://www.dietdoctor.com/es/recetas/keto-panceta-asada-con-repollo-cremoso
calabacine cortado,https://www.dietdoctor.com/es/recetas/bandeja-de-pollo-a-la-toscana-con-calabacin-y-tomates
mezcla de especia ranchera,https://www.dietdoctor.com/es/recetas/keto-salsa-ranchera;https://www.dietdoctor.com/es/recetas/keto-vinagreta-ranchera;https://www.dietdoctor.com/es/recetas/keto-chuletas-de-cerdo-con-estofado-de-repollo;https://www.dietdoctor.com/es/recetas/keto-pollo-con-salsa-ranchera-y-queso;https://www.dietdoctor.com/es/recetas/keto-ensalada-cobb-con-aderezo-ranchero
chile chipotle en polvo,https://www.dietdoctor.com/es/recetas/keto-mayonesa-de-chipotle
mejorana seca,https://www.dietdoctor.com/es/recetas/low-carb-condimento-para-pollo
salsa de chile,https://www.dietdoctor.com/es/recetas/keto-salsa-mil-islas
salsa mexicana,https://www.dietdoctor.com/es/recetas/low-carb-salsa-mexicana
salchicha molida,https://www.dietdoctor.com/es/recetas/low-carb-relleno-paleo
Salsa tabasco o pimienta de cayena,https://www.dietdoctor.com/es/recetas/keto-papas-fritas-calabacin-mayonesa-picante
salvia fresca,https://www.dietdoctor.com/es/recetas/low-carb-verduras-de-primavera-asadas-con-huevos-y-mantequilla
vieira,https://www.dietdoctor.com/es/recetas/low-carb-vieiras-sesamo-mayonesa-wasabi;https://www.dietdoctor.com/es/recetas/low-carb-vieiras-con-queso-parmesano;https://www.dietdoctor.com/es/recetas/keto-vieiras-con-mantequilla-de-hierbas
chile rojo picado,https://www.dietdoctor.com/es/recetas/ensalada-de-pollo-keto-con-aderezo-cremoso-de-chimichurri
sal o pimienta,https://www.dietdoctor.com/es/recetas/low-carb-guacamole
pimienta de Jamaica molida,https://www.dietdoctor.com/es/recetas/low-carb-especia-tarta-de-calabaza;https://www.dietdoctor.com/es/recetas/low-carb-condimento-jerk
mezcla de especia,https://www.dietdoctor.com/es/recetas/keto-mayonesa-con-condimento-jerk
col rizada,https://www.dietdoctor.com/es/recetas/keto-papas-de-col-rizada;https://www.dietdoctor.com/es/recetas/keto-pesto-de-col-rizada;https://www.dietdoctor.com/es/recetas/keto-ensalada-templada-col-rizada;https://www.dietdoctor.com/es/recetas/low-carb-ensalada-de-col-rizada-con-queso-de-cabra-y-granada;https://www.dietdoctor.com/es/recetas/keto-col-rizada-frita-en-mantequilla-con-carne-de-cerdo-y-arandanos;https://www.dietdoctor.com/es/recetas/keto-ensalada-kale-arandanos-rojos;https://www.dietdoctor.com/es/recetas/pescado-blanco-con-calabacin-y-pesto-de-col-rizada;https://www.dietdoctor.com/es/recetas/keto-sopa-picante-con-cerdo-y-col-rizada;https://www.dietdoctor.com/es/recetas/low-carb-sarten-de-huevos-y-verduras;https://www.dietdoctor.com/es/recetas/keto-pescado-blanco-parrillado-con-calabacin-pesto-col-rizada;https://www.dietdoctor.com/es/recetas/low-carb-sopa-vegana-de-col-rizada-y-espinacas;https://www.dietdoctor.com/es/recetas/ensalada-de-col-rizada-y-brocoli-fritos
salsa de soja tamari,https://www.dietdoctor.com/es/recetas/low-carb-salsa-satay;https://www.dietdoctor.com/es/recetas/low-carb-bocaditos-de-queso-de-cabra-con-semillas-de-sesamo-marinadas;https://www.dietdoctor.com/es/recetas/low-carb-ensalada-aguacate-rabanos-hinojo-zanahoria;https://www.dietdoctor.com/es/recetas/low-carb-rollitos-sashimi;https://www.dietdoctor.com/es/recetas/low-carb-bistecs-parrillados-con-salsa-teriyaki;https://www.dietdoctor.com/es/recetas/keto-pavo-con-salsa-de-queso-crema;https://www.dietdoctor.com/es/recetas/keto-pollo-desmenuzado;https://www.dietdoctor.com/es/recetas/low-carb-bistec-de-falda-con-ensalada-de-champinones-y-mayonesa-de-sesamo;https://www.dietdoctor.com/es/recetas/keto-cerdo-chino-con-coles-de-bruselas;https://www.dietdoctor.com/es/recetas/low-carb-costillas-cerdo-marinadas-col-lombarda;https://www.dietdoctor.com/es/recetas/keto-estofado-chino-de-cerdo-con-repollo;https://www.dietdoctor.com/es/recetas/keto-kebab-de-carne-y-vegetales;https://www.dietdoctor.com/es/recetas/low-carb-poke-bowl-salmon-espaguetis-calabacin;https://www.dietdoctor.com/es/recetas/low-carb-cerdo-asado-con-salsa-cremosa-y-coliflor-frita-en-mantequilla;https://www.dietdoctor.com/es/recetas/low-carb-nasi-goreng;https://www.dietdoctor.com/es/recetas/low-carb-albondigas-en-caldo-de-jengibre-y-soya;https://www.dietdoctor.com/es/recetas/low-carb-alitas-de-pollo-al-estilo-asiatico;https://www.dietdoctor.com/es/recetas/low-carb-tazon-de-tofu-con-ajo-y-sesamo
salami,https://www.dietdoctor.com/es/recetas/keto-chips-de-salami-y-queso;https://www.dietdoctor.com/es/recetas/low-carb-bandeja-de-charcuteria;https://www.dietdoctor.com/es/recetas/low-carb-ensalada-antipasto
sal y pimienta,https://www.dietdoctor.com/es/recetas/keto-salsa-tartara
pulpa de calabaza fresca,https://www.dietdoctor.com/es/recetas/low-carb-salsa-cremosa-de-calabacin-y-chiles-chipotle
crudo,https://www.dietdoctor.com/es/recetas/ceviche-bajo-en-carbohidratos
sambal oelek o pasta de chile,https://www.dietdoctor.com/es/recetas/keto-wraps-de-aguacate-y-camarones;https://www.dietdoctor.com/es/recetas/keto-salmon-con-aji-tomate-y-esparragos
cole de Brusela,https://www.dietdoctor.com/es/recetas/low-carb-coles-de-bruselas-al-horno-con-queso-parmesano;https://www.dietdoctor.com/es/recetas/low-carb-coles-bruselas-cebollas-rojas-caramelizadas;https://www.dietdoctor.com/es/recetas/low-carb-verduras-asadas-tricolor;https://www.dietdoctor.com/es/recetas/keto-albondigas-pavo-coles-bruselas-asadas;https://www.dietdoctor.com/es/recetas/low-carb-pescado-horneado-mantequilla-coles-de-bruselas-champinones;https://www.dietdoctor.com/es/recetas/low-carb-lomo-de-cerdo-asado-con-coles-y-queso-azul;https://www.dietdoctor.com/es/recetas/keto-pollo-con-verduras-asadas-de-tres-colores;https://www.dietdoctor.com/es/recetas/low-carb-hamburguesas-con-cebolla-y-coles-de-bruselas;https://www.dietdoctor.com/es/recetas/low-carb-coles-de-bruselas-y-bacon-en-una-creamosa-salsa-de-queso-parmesano;https://www.dietdoctor.com/es/recetas/keto-plato-de-coles-de-bruselas-y-hamburguesas-gratinadas
semilla de hinojo triturada,https://www.dietdoctor.com/es/recetas/low-carb-ensalada-de-coliflor
chirivía,https://www.dietdoctor.com/es/recetas/low-carb-vieiras-con-pure-de-chirivia
pimienta amarilla,https://www.dietdoctor.com/es/recetas/keto-chimichurri-cetogenico;https://www.dietdoctor.com/es/recetas/keto-salmon-tandoori-con-salsa-de-pepino;https://www.dietdoctor.com/es/recetas/low-carb-camarones-chimichurri-parrilla-espaguetis-calabacin
anacardo,https://www.dietdoctor.com/es/recetas/low-carb-salsa-de-nueces-de-maranon;https://www.dietdoctor.com/es/recetas/low-carb-gazpacho-verde
hojuela de pimiento picante,https://www.dietdoctor.com/es/recetas/low-carb-ensalada-de-esparragos-frescos
col lombarda col lombarda,https://www.dietdoctor.com/es/recetas/low-carb-repollo-asado
melaza negra,https://www.dietdoctor.com/es/recetas/flan-bajo-en-carbos
colinabo,https://www.dietdoctor.com/es/recetas/low-carb-colirrabano-con-aguacate-machacado-anchoas-y-huevos-duros;https://www.dietdoctor.com/es/recetas/low-carb-rydberg-de-res
chuleta de cordero,https://www.dietdoctor.com/es/recetas/keto-chuletas-de-cordero-con-mantequilla-de-hierbas
regaliz en polvo,https://www.dietdoctor.com/es/recetas/low-carb-finas-hojas-de-chocolate-con-nuez-pecana
pecana,https://www.dietdoctor.com/es/recetas/keto-pastel-de-queso-con-mantequilla-y-nueces-pecanas
embutido,https://www.dietdoctor.com/es/recetas/rollitos-de-salchicha-keto
Mezcla de especia al estilo jamaicano,https://www.dietdoctor.com/es/recetas/keto-muslos-de-pollo-crocantes-con-ensalada-de-col
Salami,https://www.dietdoctor.com/es/recetas/cetogenica-pizza;https://www.dietdoctor.com/es/recetas/low-carb-pizza-calabacin-pepperoni
embutido rosbif,https://www.dietdoctor.com/es/recetas/keto-plato-de-carne-asada-y-queso-cheddar
proteína en polvo sin sabor,https://www.dietdoctor.com/es/recetas/keto-la-pizza-de-sullivan;https://www.dietdoctor.com/es/recetas/bajo-en-carbos-kebabs-veganos-con-salsa-de-ajo
mortadela,https://www.dietdoctor.com/es/recetas/keto-plato-de-mortadela-y-queso-brie
Mezcla de especia Tex Mex,https://www.dietdoctor.com/es/recetas/low-carb-taco-pizza;https://www.dietdoctor.com/es/recetas/keto-cazuela-tex-mex;https://www.dietdoctor.com/es/recetas/keto-plato-hondo-con-fajitas-de-pollo
"cordero asado, deshuesado",https://www.dietdoctor.com/es/recetas/keto-brochetas-de-cordero-al-limon-con-ensalada-de-rabano-y-rabano-japones;https://www.dietdoctor.com/es/recetas/keto-asado-de-cordero-con-salsa-de-jugos-y-verduras-asadas
salsa marinara sin azúcar,https://www.dietdoctor.com/es/recetas/keto-barcas-de-pizza-de-calabacin-con-queso-de-cabra;https://www.dietdoctor.com/es/recetas/keto-gratinado-pizza-calabacin
judía amarilla o judía verde fresca,https://www.dietdoctor.com/es/recetas/low-carb-tomates-rellenos-con-salsa-verde
chile chipotle,https://www.dietdoctor.com/es/recetas/low-carb-enchiladas-en-hojas-de-lechuga
chile poblano,https://www.dietdoctor.com/es/recetas/chiles-rellenos;https://www.dietdoctor.com/es/recetas/low-carb-rajas-poblanas-con-tortillas-de-linaza
chile rojo en polvo,https://www.dietdoctor.com/es/recetas/low-carb-pollo-saagwala
también,https://www.dietdoctor.com/es/recetas/low-carb-solomillo-de-res-con-mantequilla-de-estragon-y-un-cremoso-gratinado
arenque fresco,https://www.dietdoctor.com/es/recetas/keto-arenques-con-eneldo-y-tomate;https://www.dietdoctor.com/es/recetas/plato-keto-de-arenques-fritos-con-pure-de-coliflor
fresa congelada,https://www.dietdoctor.com/es/recetas/low-carb-paletas-de-helados-de-yogur
ruibarbo,https://www.dietdoctor.com/es/recetas/keto-tarta-de-ruibarbo
avellana molida,https://www.dietdoctor.com/es/recetas/low-carb-pastel-de-calabaza
mezcla de especia ras-el-hanout o garam masala,https://www.dietdoctor.com/es/recetas/keto-col-china-salteada-albondigas-pollo
langostino gigante,https://www.dietdoctor.com/es/recetas/low-carb-bunuelos-de-gambas;https://www.dietdoctor.com/es/recetas/langostinos-con-sesamo
burrata,https://www.dietdoctor.com/es/recetas/ensalada-de-tomate-burrata-y-pesto
salsa sriracha,https://www.dietdoctor.com/es/recetas/low-carb-empanadillas-asiaticas-de-pollo;https://www.dietdoctor.com/es/recetas/keto-ramen-res
mejillone,https://www.dietdoctor.com/es/recetas/keto-cazuela-mejillones-ahumados
verdura de hoja verde,https://www.dietdoctor.com/es/recetas/keto-ensalada-de-atun-a-la-parrilla-con-aderezo-de-ajo;https://www.dietdoctor.com/es/recetas/ensalada-de-atun-a-la-parrilla-con-aderezo-de-ajo;https://www.dietdoctor.com/es/recetas/bajo-en-carbos-solomillo-de-cerdo-con-tapenade-de-aceitunas;https://www.dietdoctor.com/es/recetas/low-carb-pechugas-de-pollo-rellenas-de-champinones-y-queso-ricota;https://www.dietdoctor.com/es/recetas/low-carb-ensalada-en-tarro
5 especia en polvo,https://www.dietdoctor.com/es/recetas/keto-cerdo-crocante-chino-con-repollo
hinojo en rodaja o bok choy o col rizada,https://www.dietdoctor.com/es/recetas/low-carb-pescado-con-verduras-horneados
agua fría,https://www.dietdoctor.com/es/recetas/keto-hamburguesas-envueltas-en-tocino
col blanca fresca,https://www.dietdoctor.com/es/recetas/keto-plato-pollo-repollo
puré de calabaza sin azúcar,https://www.dietdoctor.com/es/recetas/low-carb-picadillo-cubano
cda salsa Worcester,https://www.dietdoctor.com/es/recetas/keto-pastel-del-pastor
Proteína en polvo vegana sin sabor (proteína de guisante),https://www.dietdoctor.com/es/recetas/keto-falafel
fresa fresca,https://www.dietdoctor.com/es/recetas/low-carb-gominolas-de-crema-de-fresa
jugo de lima y un poco de ralladura,https://www.dietdoctor.com/es/recetas/low-carb-trifle
albaricoque seco,https://www.dietdoctor.com/es/recetas/low-carb-jamon-glaseado-con-damascos-y-mostaza
pollo a la parrilla,https://www.dietdoctor.com/es/recetas/keto-guiso-de-cordon-bleu;https://www.dietdoctor.com/es/recetas/low-carb-arroz-de-coliflor-chaufa;https://www.dietdoctor.com/es/recetas/keto-estofado-de-pollo-queso-y-tomate;https://www.dietdoctor.com/es/recetas/keto-estofado-de-pollo-capri;https://www.dietdoctor.com/es/recetas/keto-cazuela-de-fajitas-de-pollo
pollo deshuesado,https://www.dietdoctor.com/es/recetas/keto-arroz-con-pollo
caldo de re,https://www.dietdoctor.com/es/recetas/low-carb-lasana-de-coliflor;https://www.dietdoctor.com/es/recetas/low-carb-ropa-vieja;https://www.dietdoctor.com/es/recetas/low-carb-estofado-sueco-clasico-de-res;https://www.dietdoctor.com/es/recetas/low-carb-carne-estofada-de-res-con-repollo-y-mantequilla-de-hierbas;https://www.dietdoctor.com/es/recetas/low-carb-ossobuco-con-pure-de-coliflor;https://www.dietdoctor.com/es/recetas/low-carb-sopa-pho-carne-zoodles
chile en polvo o sambal oelek,https://www.dietdoctor.com/es/recetas/low-carb-ensalada-picante-de-camarones
xilitol,https://www.dietdoctor.com/es/recetas/keto-helado-de-chocolate-sin-lacteos-ni-huevos;https://www.dietdoctor.com/es/recetas/keto-helado-de-vainilla-cremoso-y-sin-lacteos
aislado de proteína de suero sin sabor,https://www.dietdoctor.com/es/recetas/bizcocho-de-angel-low-carb-y-alto-en-proteina
cdta sal marina fina,https://www.dietdoctor.com/es/recetas/keto-albondigas-gyro-con-salsa-griega
hortaliza de hoja verde,https://www.dietdoctor.com/es/recetas/keto-plato-de-pollo-y-queso-feta;https://www.dietdoctor.com/es/recetas/low-carb-ensalada-ternera-aderezo-estragon;https://www.dietdoctor.com/es/recetas/keto-plato-de-res-molida
chayote,https://www.dietdoctor.com/es/recetas/low-carb-chayote-con-chuletas-de-cerdo-ahumadas
cubo de caldo de pollo,https://www.dietdoctor.com/es/recetas/low-carb-pechuga-de-pato-con-pure-de-zapallo-anco-y-salsa;https://www.dietdoctor.com/es/recetas/keto-sopa-griega-avgolemono
Col china o col china,https://www.dietdoctor.com/es/recetas/salteado-de-gambas-y-col-con-ajo-y-jengibre
pimienta entera y molida,https://www.dietdoctor.com/es/recetas/pechuga-de-pollo-al-horno-con-rabanos-a-la-mantequilla-de-tomillo
fideo shirataki,https://www.dietdoctor.com/es/recetas/keto-pollo-salteado-con-fideos-shirataki
Sal rosada,https://www.dietdoctor.com/es/recetas/keto-gratinado-de-hamburguesa-doble-de-queso-con-bacon
Salchicha italiana,https://www.dietdoctor.com/es/recetas/low-carb-lasana-con-fideos-de-proteina
salsa de tamari de soja,https://www.dietdoctor.com/es/recetas/keto-tofu-marinado-crocante
solomillo superior o grupa de rosbif,https://www.dietdoctor.com/es/recetas/low-carb-estofado-de-filete-a-la-italiana
cdta sal fina,https://www.dietdoctor.com/es/recetas/keto-lechon-asado
Rabo de ternera,https://www.dietdoctor.com/es/recetas/low-carb-estofado-de-rabo-de-buey
pepperoni en rodaja,https://www.dietdoctor.com/es/recetas/keto-pizza-para-sarten
okra fresca,https://www.dietdoctor.com/es/recetas/low-carb-ocra-con-chorizo-%e2%80%8b%e2%80%8bmexicano
mezcla de especia tandoori,https://www.dietdoctor.com/es/recetas/keto-pescado-frito-con-salsa-tandoori
cáscara de psyllium,https://www.dietdoctor.com/es/recetas/noquis-keto-con-pesto-casero-de-albahaca
colirraban,https://www.dietdoctor.com/es/recetas/low-carb-gratinado-de-salmon-ahumado-y-colirrabano
hoja entera col de hoja rizada,https://www.dietdoctor.com/es/recetas/bajos-en-carbos-rollitos-de-repollo-rellenos
chile rojo fresco,https://www.dietdoctor.com/es/recetas/keto-salmon-con-mantequilla-de-limon-y-ajo-con-almendras-y-aji
espagueti de calabacín,https://www.dietdoctor.com/es/recetas/low-carb-espeluznantes-zoodles-con-salsa-de-tomate-y-mozzarella;https://www.dietdoctor.com/es/recetas/keto-zoodles-pollo-salsa-alfredo-aguacate
vieira fresca o congelada,https://www.dietdoctor.com/es/recetas/low-carb-vieiras-mantequilla-estragon
chukrut escurrido,https://www.dietdoctor.com/es/recetas/keto-reuben-en-sarten
sal kosher o sal marina molida,https://www.dietdoctor.com/es/recetas/keto-hamburguesas-de-pavo-con-mantequilla-de-tomate
mezcla de especia garam masala,https://www.dietdoctor.com/es/recetas/keto-carne-al-estilo-marroqi-coccion-lenta;https://www.dietdoctor.com/es/recetas/low-carb-pollo-con-mantequilla-especias-india;https://www.dietdoctor.com/es/recetas/garam-masala-rapido-pollo-keto
mezcla de especia tex revolver la mezcla de especia,https://www.dietdoctor.com/es/recetas/keto-plato-de-hamburguesa-tex-mex
hoja de lima,https://www.dietdoctor.com/es/recetas/keto-pollo-cocinado-lentamente-con-ensalada-de-brocoli
gamba precocida,https://www.dietdoctor.com/es/recetas/low-carb-bisque-de-marisco-en-olla-electrica
Condimento bereber,https://www.dietdoctor.com/es/recetas/low-carb-sopa-doro-wat-picante-etiope
cubito de caldo de re,https://www.dietdoctor.com/es/recetas/low-carb-sopa-de-res-con-repollo-de-laponia
sal gruesa,https://www.dietdoctor.com/es/recetas/salmon-keto-a-la-parrilla-con-aguacate
salsa picante o salsa sriracha,https://www.dietdoctor.com/es/recetas/bajo-en-carbos-huevos-asados-con-verduras-y-salsa-picante-de-yogur
hinojo,https://www.dietdoctor.com/es/recetas/keto-paletas-de-cerdo-con-hinojo-asado-y-salsa-romesco;https://www.dietdoctor.com/es/recetas/low-carb-sopa-de-pescado-al-azafran-con-alioli
col de hoja rizada o col blanca,https://www.dietdoctor.com/es/recetas/low-carb-rollitos-de-repollo-con-pollo
mejillone ahumado,https://www.dietdoctor.com/es/recetas/keto-plato-de-mejillones-ahumados
hojuela de chile rojo,https://www.dietdoctor.com/es/recetas/keto-sopa-de-calabaza-y-carne-de-cerdo;https://www.dietdoctor.com/es/recetas/baja-en-carbos-ensalada-de-esparragos-huevos-y-tocino
pasta de chile,https://www.dietdoctor.com/es/recetas/keto-salteado-de-cerdo-y-pimientos-verdes
pasta de harissa,https://www.dietdoctor.com/es/recetas/low-carb-pollo-harissa-con-salsa-de-lima
embutido de pollo asado o sobra de pollo asado,https://www.dietdoctor.com/es/recetas/keto-ensalada-fiambres
cta sal marina,https://www.dietdoctor.com/es/recetas/low-carb-sopa-de-champinones-con-chips-de-jamon
hortaliza de hoja verde mixta,https://www.dietdoctor.com/es/recetas/low-carb-plato-mediterraneo-jamon
mezcla de especia tex mex,https://www.dietdoctor.com/es/recetas/low-carb-tazon-de-chile-y-verduras-frescas
col blanca o lombarda,https://www.dietdoctor.com/es/recetas/low-carb-tazon-de-pescado-tex-mex
agua o caldo de pollo,https://www.dietdoctor.com/es/recetas/low-carb-sopa-tex-mex-con-pollo-desmenuzado
nata (o nata) para montar la nata espesa,https://www.dietdoctor.com/es/recetas/keto-chuletas-de-cerdo-con-salsa-de-queso-azul
deshuesado,https://www.dietdoctor.com/es/recetas/bajo-en-carbos-escalopines-de-cerdo
ilantro fresco,https://www.dietdoctor.com/es/recetas/low-carb-wraps-al-estilo-tailandes-de-lechuga-y-pollo
encurtido,https://www.dietdoctor.com/es/recetas/keto-queso-frito-pimientos-asados
tempeh,https://www.dietdoctor.com/es/recetas/low-carb-hamburguesa-vegana-tempeh-portobello
de ello,https://www.dietdoctor.com/es/recetas/keto-pavo-ahumado
arrojar,https://www.dietdoctor.com/es/recetas/low-carb-estofado-de-res-tradicional;https://www.dietdoctor.com/es/recetas/low-carb-boueuf-bourguignon-pure-de-coliflor
tirabeca,https://www.dietdoctor.com/es/recetas/keto-pescado-frito-con-salsa-de-yogur-y-nueces
pargo entero,https://www.dietdoctor.com/es/recetas/low-carb-pargo-asado-con-cebollas-y-esparragos
neldo fresco,https://www.dietdoctor.com/es/recetas/keto-salmon-cubierto-de-queso-parmesano-con-esparragos
grano de pimienta de Jamaica,https://www.dietdoctor.com/es/recetas/low-carb-corvejon-de-cerdo-con-pure-de-rabano-y-coliflor
col blanca o col china,https://www.dietdoctor.com/es/recetas/keto-plato-de-repollo-frito-con-tocino-crocante
lubina,https://www.dietdoctor.com/es/recetas/low-carb-lubina-con-calabacin-y-salicornia
nabo,https://www.dietdoctor.com/es/recetas/low-carb-estofado-de-res-a-fuego-lento
calabacine en espiral,https://www.dietdoctor.com/es/recetas/keto-espaguetis-calabacin-pollo-al-limon
clavo entero,https://www.dietdoctor.com/es/recetas/low-carb-pho-vietnamita
sambal oelec,https://www.dietdoctor.com/es/recetas/keto-estofado-de-pollo-picante
lima cortada por la mitad,https://www.dietdoctor.com/es/recetas/low-carb-pescado-blanco-hierbas-leche-coco
azúcar granulada,https://www.comidastipicaschilenas.com/receta-de-torta-de-amapolas/;https://www.comidastipicaschilenas.com/receta-de-torta-panqueque-trufa/;https://www.comidastipicaschilenas.com/receta-de-galletas-de-coco-caseras/;https://www.comidastipicaschilenas.com/receta-merengue-suizo/
de fresa,https://www.comidastipicaschilenas.com/receta-de-un-mousse-de-frutilla/
El papel alude,https://www.comidastipicaschilenas.com/receta-de-torta-en-vaso/
chuño,https://www.comidastipicaschilenas.com/receta-de-chuno-con-salsa-de-caramelo/
Stevia o edulcorante de preferencia,https://www.comidastipicaschilenas.com/receta-de-queque-con-endulzante/
gr de azucar,https://www.comidastipicaschilenas.com/receta-de-pudin-de-chocolate/;https://www.comidastipicaschilenas.com/receta-de-zepelines-chilenos/
Agua fría,https://www.comidastipicaschilenas.com/receta-de-postre-de-petit-bouche/
yogur natural o yogur griego,https://www.comidastipicaschilenas.com/receta-de-pie-de-platano/
gr de tagatosa,https://www.comidastipicaschilenas.com/como-hacer-manjar-sin-azucar/
Membrillo,https://www.comidastipicaschilenas.com/receta-de-jalea-de-membrillo/
azúcar blanca,https://www.comidastipicaschilenas.com/receta-de-galletas-sin-gluten/;https://www.comidastipicaschilenas.com/receta-de-galletas-de-coco-con-mermelada-para-navidad/;https://www.comidastipicaschilenas.com/receta-de-calzones-rotos-al-horno/;https://www.comidastipicaschilenas.com/receta-de-brownie-vegano/
azúcar 200 gr,https://www.comidastipicaschilenas.com/recetas-de-galletas-con-chispas-de-chocolate/
azúcar gla,https://www.comidastipicaschilenas.com/receta-de-crema-de-moka/
azúcar o papel,https://www.comidastipicaschilenas.com/receta-de-arroz-con-coco/
Delicadeza,https://www.comidastipicaschilenas.com/receta-de-hot-cakes-con-manjar/
cucharada de azúcar,https://www.comidastipicaschilenas.com/receta-de-berlines-horneados/;https://www.comidastipicaschilenas.com/receta-de-donas-horneadas-chilenas/
fresa roja,https://www.comidastipicaschilenas.com/receta-de-torta-de-yogurt-chileno/
Baya,https://www.comidastipicaschilenas.com/receta-de-postre-con-leche-evaporada/
Chispita de arcoíri o dulce,https://www.comidastipicaschilenas.com/receta-de-torta-de-cumpleanos/
baya,https://www.comidastipicaschilenas.com/receta-de-smoothie-o-batido-de-berries/
hielo,https://www.comidastipicaschilenas.com/receta-de-frappe-de-frutillas/
